INSERT INTO `user_role`(`ROLE_NAME`, `DESCRIPTION`) VALUES ('ADMIN','All privileges');
INSERT INTO `user_role`(`ROLE_NAME`, `DESCRIPTION`) VALUES ('Team MANAGER','FEW privileges');
INSERT INTO `user_role`(`ROLE_NAME`, `DESCRIPTION`) VALUES ('Team Member','FEW privileges');
INSERT INTO `user_account`(`ID_NUM`, `USER_ACCOUNT_NAME`, `PHONE_NUMBER`, `ROLE_NAME`) VALUES (1,'Account1','9845126325','Admin');
INSERT INTO `user_account`(`ID_NUM`, `USER_ACCOUNT_NAME`, `PHONE_NUMBER`, `ROLE_NAME`) VALUES (2,'Account2','987562125','Team Manager');
INSERT INTO `user_account`(`ID_NUM`, `USER_ACCOUNT_NAME`, `PHONE_NUMBER`, `ROLE_NAME`) VALUES (3,'Account3','987556525','Team member');
INSERT INTO `user_account`(`ID_NUM`, `USER_ACCOUNT_NAME`, `PHONE_NUMBER`, `ROLE_NAME`) VALUES (4,'Account4','9856325478','Team Member');
INSERT INTO `user_account`(`ID_NUM`, `USER_ACCOUNT_NAME`, `PHONE_NUMBER`, `ROLE_NAME`) VALUES (5,'Account5','7895412563','Team Member');
INSERT INTO `user_account`(`ID_NUM`, `USER_ACCOUNT_NAME`, `PHONE_NUMBER`, `ROLE_NAME`) VALUES (6,'Account6','8745639857','Team Member');
INSERT INTO `user_account`(`ID_NUM`, `USER_ACCOUNT_NAME`, `PHONE_NUMBER`, `ROLE_NAME`) VALUES (7,'Account7','8751236597','Team Member');
INSERT INTO `user_account`(`ID_NUM`, `USER_ACCOUNT_NAME`, `PHONE_NUMBER`, `ROLE_NAME`) VALUES (8,'Account8','7562351478','Team Member');
INSERT INTO `user_account`(`ID_NUM`, `USER_ACCOUNT_NAME`, `PHONE_NUMBER`, `ROLE_NAME`) VALUES (9,'Account9','7564895635','Team Member');
INSERT INTO `user_account`(`ID_NUM`, `USER_ACCOUNT_NAME`, `PHONE_NUMBER`, `ROLE_NAME`) VALUES (10,'Account10','85626975','Team Member') ;
INSERT INTO `tables`(`TABLE_NAME`, `ID_NUM`) VALUES ('TAB1',1);
INSERT INTO `tables`(`TABLE_NAME`, `ID_NUM`) VALUES ('TAB2',2);
INSERT INTO `tables`(`TABLE_NAME`, `ID_NUM`) VALUES ('TAB3',3);
INSERT INTO `tables`(`TABLE_NAME`, `ID_NUM`) VALUES ('TAB4',4);
INSERT INTO `tables`(`TABLE_NAME`, `ID_NUM`) VALUES ('TAB5',5);
INSERT INTO `tables`(`TABLE_NAME`, `ID_NUM`) VALUES ('TAB6',6);
INSERT INTO `tables`(`TABLE_NAME`, `ID_NUM`) VALUES ('TAB7',7);
INSERT INTO `tables`(`TABLE_NAME`, `ID_NUM`) VALUES ('TAB8',8);
INSERT INTO `tables`(`TABLE_NAME`, `ID_NUM`) VALUES ('TAB9',9);
INSERT INTO `tables`(`TABLE_NAME`, `ID_NUM`) VALUES ('TAB10',10);
INSERT INTO `privilege`(`PRIVILEGE_NAME`, `PRIVILEGE_TYPE`) VALUES ('SELECT','ACCOUNT');
INSERT INTO `privilege`(`PRIVILEGE_NAME`, `PRIVILEGE_TYPE`) VALUES ('SELECT','RELATIONAL');
INSERT INTO `privilege`(`PRIVILEGE_NAME`, `PRIVILEGE_TYPE`) VALUES ('CREATETAB','ACCOUNT');
INSERT INTO `privilege`(`PRIVILEGE_NAME`, `PRIVILEGE_TYPE`) VALUES ('MODIFY','ACCOUNT');
INSERT INTO `privilege`(`PRIVILEGE_NAME`, `PRIVILEGE_TYPE`) VALUES ('INSERT','RELATIONAL');
INSERT INTO `privilege`(`PRIVILEGE_NAME`, `PRIVILEGE_TYPE`) VALUES ('DELETE','RELATIONAL');
INSERT INTO `privilege`(`PRIVILEGE_NAME`, `PRIVILEGE_TYPE`) VALUES ('DROP','ACCOUNT');
INSERT INTO `privilege`(`PRIVILEGE_NAME`, `PRIVILEGE_TYPE`) VALUES ('REFERENCES','RELATIONAL');
INSERT INTO `privilege`(`PRIVILEGE_NAME`, `PRIVILEGE_TYPE`) VALUES ('CREATE VIEW','ACCOUNT');
INSERT INTO `privilege`(`PRIVILEGE_NAME`, `PRIVILEGE_TYPE`) VALUES ('ALTER','ACCOUNT');
INSERT INTO `role_has_privileges`(`ROLE_NAME`, `PRIVILEGE_NAME`, `PRIVILEGE_TYPE`) VALUES ('ADMIN','CREATETAB','ACCOUNT');
INSERT INTO `role_has_privileges`(`ROLE_NAME`, `PRIVILEGE_NAME`, `PRIVILEGE_TYPE`) VALUES ('ADMIN','CREATE VIEW','ACCOUNT');
INSERT INTO `role_has_privileges`(`ROLE_NAME`, `PRIVILEGE_NAME`, `PRIVILEGE_TYPE`) VALUES ('Team MANAGER','SELECT','ACCOUNT');
INSERT INTO `role_has_privileges`(`ROLE_NAME`, `PRIVILEGE_NAME`, `PRIVILEGE_TYPE`) VALUES ('Team MEMBER','MODIFY','ACCOUNT');
INSERT INTO `role_has_privileges`(`ROLE_NAME`, `PRIVILEGE_NAME`, `PRIVILEGE_TYPE`) VALUES ('Team MEMBER','ALTER','ACCOUNT');
INSERT INTO `roles_has_relational_privileges_on_tables`(`ROLE_NAME`, `TABLE_NAME`, `PRIVILEGE_NAME`, `PRIVILEGE_TYPE`) VALUES ('ADMIN','TAB1','SELECT','RELATIONAL');
INSERT INTO `roles_has_relational_privileges_on_tables`(`ROLE_NAME`, `TABLE_NAME`, `PRIVILEGE_NAME`, `PRIVILEGE_TYPE`) VALUES ('ADMIN','TAB2','INSERT','RELATIONAL');
INSERT INTO `roles_has_relational_privileges_on_tables`(`ROLE_NAME`, `TABLE_NAME`, `PRIVILEGE_NAME`, `PRIVILEGE_TYPE`) VALUES ('Team MANAGER','TAB3','SELECT','RELATIONAL');
INSERT INTO `roles_has_relational_privileges_on_tables`(`ROLE_NAME`, `TABLE_NAME`, `PRIVILEGE_NAME`, `PRIVILEGE_TYPE`) VALUES ('Team Member','TAB4','INSERT','RELATIONAL');
INSERT INTO `roles_has_relational_privileges_on_tables`(`ROLE_NAME`, `TABLE_NAME`, `PRIVILEGE_NAME`, `PRIVILEGE_TYPE`) VALUES ('Team Member','TAB5','INSERT','RELATIONAL');